Metabolon ID,Biochemical Name,Super Pathway,Sub Pathway,#SNP,r2,EXT.r2,Download
M15765,ethylmalonate,Amino Acid,Leucine  Isoleucine and Valine Metabolism,460,0.46,0.43,https://www.inouyelab.org/
M48434,N-acetylcitrulline,Amino Acid,Urea cycle; Arginine and Proline Metabolism,256,0.41,0.38,https://www.inouyelab.org/
M47651,X - 11491,,,281,0.41,,https://www.inouyelab.org/
M33953,N-acetylarginine,Amino Acid,Urea cycle; Arginine and Proline Metabolism,260,0.4,0.34,https://www.inouyelab.org/
M31591,androsterone sulfate,Lipid,Steroid,247,0.39,0.35,https://www.inouyelab.org/
M46701,X - 19141,,,352,0.38,0.34,https://www.inouyelab.org/
M32412,butyrylcarnitine,Lipid,Fatty Acid Metabolism (also BCAA Metabolism),341,0.36,0.3,https://www.inouyelab.org/
M52504,X - 24309,,,327,0.34,,https://www.inouyelab.org/
M43255,N-acetyl-1-methylhistidine*,Amino Acid,Histidine Metabolism,220,0.33,0.34,https://www.inouyelab.org/
M01566,3-aminoisobutyrate,Nucleotide,Pyrimidine Metabolism  Thymine containing,126,0.33,0.3,https://www.inouyelab.org/
M17799,ibuprofen,Xenobiotics,Drug,47,0.32,0.0,https://www.inouyelab.org/
M34401,5-acetylamino-6-formylamino-3-methyluracil,Xenobiotics,Xanthine Metabolism,208,0.31,0.16,https://www.inouyelab.org/
M43249,N-delta-acetylornithine,Amino Acid,Urea cycle; Arginine and Proline Metabolism,225,0.29,0.17,https://www.inouyelab.org/
M33973,epiandrosterone sulfate,Lipid,Steroid,186,0.29,0.27,https://www.inouyelab.org/
M46624,X - 12798,,,191,0.28,0.26,https://www.inouyelab.org/
M12122,naproxen,Xenobiotics,Drug,1,0.28,,https://www.inouyelab.org/
M46588,X - 12063,,,331,0.28,,https://www.inouyelab.org/
M37209,4-androsten-3alpha 17alpha-diol monosulfate (3),Lipid,Steroid,275,0.27,0.24,https://www.inouyelab.org/
M52544,X - 24348,,,242,0.26,,https://www.inouyelab.org/
M46968,X - 21792,,,250,0.26,,https://www.inouyelab.org/
M37186,5alpha-androstan-3alpha 17beta-diol monosulfate (1),Lipid,Steroid,189,0.26,0.22,https://www.inouyelab.org/
M32390,N-acetyltyrosine,Amino Acid,Phenylalanine and Tyrosine Metabolism,227,0.25,0.14,https://www.inouyelab.org/
M52983,glycochenodeoxycholate glucuronide (1),Lipid,Primary Bile Acid Metabolism,237,0.25,0.23,https://www.inouyelab.org/
M47640,X - 22379,,,168,0.25,,https://www.inouyelab.org/
M32586,bilirubin (E E)*,Cofactors and Vitamins,Hemoglobin and Porphyrin Metabolism,154,0.24,0.17,https://www.inouyelab.org/
M02137,biliverdin,Cofactors and Vitamins,Hemoglobin and Porphyrin Metabolism,145,0.24,0.08,https://www.inouyelab.org/
M43807,bilirubin (Z Z),Cofactors and Vitamins,Hemoglobin and Porphyrin Metabolism,141,0.23,0.18,https://www.inouyelab.org/
M46493,X - 21448,,,138,0.22,,https://www.inouyelab.org/
M35172,orotidine,Nucleotide,Pyrimidine Metabolism  Orotate containing,94,0.21,0.17,https://www.inouyelab.org/
M33950,N-acetylphenylalanine,Amino Acid,Phenylalanine and Tyrosine Metabolism,211,0.21,0.13,https://www.inouyelab.org/
M46517,X - 16946,,,138,0.21,,https://www.inouyelab.org/
M46503,X - 21458,,,114,0.2,,https://www.inouyelab.org/
M15716,imidazole lactate,Amino Acid,Histidine Metabolism,160,0.2,0.16,https://www.inouyelab.org/
M46603,X - 11530,,,129,0.2,,https://www.inouyelab.org/
M40685,methionylalanine,Peptide,Dipeptide,122,0.2,,https://www.inouyelab.org/
M46914,X - 11522,,,123,0.2,,https://www.inouyelab.org/
M46894,X - 12748,,,260,0.19,,https://www.inouyelab.org/
M38168,16a-hydroxy DHEA 3-sulfate,Lipid,Steroid,164,0.19,0.2,https://www.inouyelab.org/
M48757,N-acetylkynurenine (2),Amino Acid,Tryptophan Metabolism,149,0.19,0.17,https://www.inouyelab.org/
M47653,X - 11593,,,181,0.19,,https://www.inouyelab.org/
M40459,escitalopram,Xenobiotics,Drug,2,0.18,,https://www.inouyelab.org/
M46516,X - 21471,,,220,0.18,0.13,https://www.inouyelab.org/
M42450,1-stearoyl-2-arachidonoyl-GPC (18:0/20:4),Lipid,Phospholipid Metabolism,114,0.18,0.13,https://www.inouyelab.org/
M47112,etiocholanolone glucuronide,Lipid,Steroid,129,0.17,0.14,https://www.inouyelab.org/
M32599,glycocholenate sulfate*,Lipid,Secondary Bile Acid Metabolism,203,0.17,0.16,https://www.inouyelab.org/
M41888,succinimide,Xenobiotics,Chemical,105,0.17,0.17,https://www.inouyelab.org/
M32562,pregnen-diol disulfate*,Lipid,Steroid,120,0.17,0.13,https://www.inouyelab.org/
M47788,X - 13431,,,169,0.16,0.15,https://www.inouyelab.org/
M33946,N-acetylhistidine,Amino Acid,Histidine Metabolism,126,0.16,0.12,https://www.inouyelab.org/
M44878,methionine sulfone,Amino Acid,Methionine  Cysteine  SAM and Taurine Metabolism,186,0.16,0.08,https://www.inouyelab.org/
M22154,bradykinin,Peptide,Polypeptide,50,0.16,0.03,https://www.inouyelab.org/
M46599,X - 11440,,,112,0.16,,https://www.inouyelab.org/
M47391,X - 22145,,,102,0.16,,https://www.inouyelab.org/
M33441,isobutyrylcarnitine,Amino Acid,Leucine  Isoleucine and Valine Metabolism,83,0.15,0.15,https://www.inouyelab.org/
M37191,5alpha-androstan-3beta 17beta-diol monosulfate (1),Lipid,Steroid,117,0.15,,https://www.inouyelab.org/
M33228,1-arachidonoyl-GPC (20:4n6)*,Lipid,Lysolipid,105,0.15,0.1,https://www.inouyelab.org/
M46681,X - 16935,,,212,0.15,0.12,https://www.inouyelab.org/
M46486,X - 21441,,,151,0.15,0.12,https://www.inouyelab.org/
M37183,5alpha-androstan-3alpha 17alpha-diol monosulfate,Lipid,Steroid,102,0.15,0.13,https://www.inouyelab.org/
M52465,1-palmitoyl-2-docosahexaenoyl-GPE (16:0/22:6)*,Lipid,Phospholipid Metabolism,89,0.14,0.09,https://www.inouyelab.org/
M20675,1 5-anhydroglucitol (1 5-AG),Carbohydrate,Glycolysis  Gluconeogenesis  and Pyruvate Metabolism,104,0.14,0.09,https://www.inouyelab.org/
M32827,andro steroid monosulfate (1)*,Lipid,Steroid,228,0.14,0.16,https://www.inouyelab.org/
M47718,X - 12688,,,164,0.14,,https://www.inouyelab.org/
M47417,X - 22162,,,65,0.14,0.14,https://www.inouyelab.org/
M52464,1-palmitoyl-2-arachidonoyl-GPE (16:0/20:4)*,Lipid,Phospholipid Metabolism,91,0.14,0.09,https://www.inouyelab.org/
M37190,5alpha-androstan-3beta 17beta-diol disulfate,Lipid,Steroid,130,0.14,0.12,https://www.inouyelab.org/
M37058,succinylcarnitine,Energy,TCA Cycle,179,0.13,0.1,https://www.inouyelab.org/
M43343,2-aminooctanoate,Lipid,Fatty Acid  Amino,136,0.13,0.07,https://www.inouyelab.org/
M47695,X - 12117,,,56,0.13,0.1,https://www.inouyelab.org/
M46367,X - 11905,,,156,0.13,,https://www.inouyelab.org/
M15586,maltose,Carbohydrate,Glycogen Metabolism,99,0.13,0.12,https://www.inouyelab.org/
M05086,dimethylglycine,Amino Acid,Glycine  Serine and Threonine Metabolism,93,0.13,0.12,https://www.inouyelab.org/
M52462,1-palmitoyl-2-arachidonoyl-GPC (16:0/20:4),Lipid,Phospholipid Metabolism,101,0.13,0.09,https://www.inouyelab.org/
M33983,tauro-beta-muricholate,Lipid,Primary Bile Acid Metabolism,79,0.13,0.12,https://www.inouyelab.org/
M01587,N-acetylleucine,Amino Acid,Leucine  Isoleucine and Valine Metabolism,129,0.13,0.07,https://www.inouyelab.org/
M41487,phenylalanylarginine,Peptide,Dipeptide,22,0.13,0.03,https://www.inouyelab.org/
M46548,3-methylglutarylcarnitine (2),Amino Acid,Lysine Metabolism,101,0.13,0.12,https://www.inouyelab.org/
M35678,hexadecanedioate,Lipid,Fatty Acid  Dicarboxylate,168,0.12,0.1,https://www.inouyelab.org/
M52447,1-stearoyl-2-arachidonoyl-GPE (18:0/20:4),Lipid,Phospholipid Metabolism,91,0.12,0.08,https://www.inouyelab.org/
M44664,glutarylcarnitine (C5),Amino Acid,Lysine Metabolism,123,0.12,0.11,https://www.inouyelab.org/
M43488,N-acetylcarnosine,Peptide,Dipeptide Derivative,132,0.12,0.09,https://www.inouyelab.org/
M37185,5alpha-androstan-3alpha 17beta-diol monosulfate (2),Lipid,Steroid,65,0.12,0.1,https://www.inouyelab.org/
M46512,X - 21467,,,156,0.12,0.1,https://www.inouyelab.org/
M46455,X - 21410,,,300,0.12,,https://www.inouyelab.org/
M00443,aspartate,Amino Acid,Alanine and Aspartate Metabolism,105,0.12,0.07,https://www.inouyelab.org/
M52975,glycodeoxycholate sulfate,Lipid,Secondary Bile Acid Metabolism,142,0.11,0.1,https://www.inouyelab.org/
M15500,carnitine,Lipid,Carnitine Metabolism,80,0.11,0.08,https://www.inouyelab.org/
M46515,X - 21470,,,135,0.11,0.07,https://www.inouyelab.org/
M52689,1-(1-enyl-palmitoyl)-2-arachidonoyl-GPC (P-16:0/20:4)*,Lipid,Plasmalogen,90,0.11,0.1,https://www.inouyelab.org/
M46674,X - 21607,,,113,0.11,0.08,https://www.inouyelab.org/
M37202,4-androsten-3beta 17beta-diol disulfate (1),Lipid,Steroid,99,0.11,0.08,https://www.inouyelab.org/
M46742,X - 21668,,,97,0.1,,https://www.inouyelab.org/
M46458,X - 12511,,,102,0.1,,https://www.inouyelab.org/
M02134,flavin adenine dinucleotide (FAD),Cofactors and Vitamins,Riboflavin Metabolism,85,0.1,0.07,https://www.inouyelab.org/
M35669,tetradecanedioate,Lipid,Fatty Acid  Dicarboxylate,123,0.1,0.09,https://www.inouyelab.org/
M52865,X - 24544,,,161,0.1,0.09,https://www.inouyelab.org/
M48441,4-hydroxychlorothalonil,Xenobiotics,Chemical,101,0.1,0.07,https://www.inouyelab.org/
M42449,1-palmitoyl-2-linoleoyl-GPE (16:0/18:2),Lipid,Phospholipid Metabolism,86,0.1,0.1,https://www.inouyelab.org/
M46443,X - 11442,,,67,0.1,,https://www.inouyelab.org/
M33387,2-arachidonoyl-GPC (20:4)*,Lipid,Lysolipid,79,0.1,,https://www.inouyelab.org/
M15681,4-guanidinobutanoate,Amino Acid,Guanidino and Acetamido Metabolism,83,0.1,0.03,https://www.inouyelab.org/
M42087,indoleacetylglutamine,Amino Acid,Tryptophan Metabolism,77,0.1,0.05,https://www.inouyelab.org/
M47211,X - 14095,,,56,0.1,,https://www.inouyelab.org/
M00058,glycine,Amino Acid,Glycine  Serine and Threonine Metabolism,78,0.1,0.09,https://www.inouyelab.org/
M35136,5-methyluridine (ribothymidine),Nucleotide,Pyrimidine Metabolism  Uracil containing,109,0.1,0.08,https://www.inouyelab.org/
M15685,5-hydroxylysine,Amino Acid,Lysine Metabolism,57,0.1,0.05,https://www.inouyelab.org/
M47671,X - 18921,,,105,0.1,0.08,https://www.inouyelab.org/
M22137,homoarginine,Amino Acid,Urea cycle; Arginine and Proline Metabolism,85,0.09,0.06,https://www.inouyelab.org/
M46144,methyl glucopyranoside (alpha + beta),Xenobiotics,Food Component/Plant,37,0.09,0.08,https://www.inouyelab.org/
M46471,X - 12824,,,124,0.09,,https://www.inouyelab.org/
M52466,1-stearoyl-2-docosahexaenoyl-GPE (18:0/22:6)*,Lipid,Phospholipid Metabolism,67,0.09,0.04,https://www.inouyelab.org/
M46604,X - 11538,,,121,0.09,,https://www.inouyelab.org/
M52974,glycochenodeoxycholate sulfate,Lipid,Primary Bile Acid Metabolism,79,0.09,0.07,https://www.inouyelab.org/
M01898,proline,Amino Acid,Urea cycle; Arginine and Proline Metabolism,56,0.09,0.04,https://www.inouyelab.org/
M33132,X - 11787,,,114,0.09,0.05,https://www.inouyelab.org/
M52686,1-palmitoyl-2-dihomo-linolenoyl-GPE (16:0/20:3)*,Lipid,Phospholipid Metabolism,73,0.09,,https://www.inouyelab.org/
M46360,X - 11441,,,61,0.09,,https://www.inouyelab.org/
M46655,X - 14626,,,90,0.09,,https://www.inouyelab.org/
M47929,X - 12707,,,91,0.09,0.06,https://www.inouyelab.org/
M32328,hexanoylcarnitine,Lipid,Fatty Acid Metabolism(Acyl Carnitine),68,0.09,0.07,https://www.inouyelab.org/
M31850,butyrylglycine,Lipid,Fatty Acid Metabolism (also BCAA Metabolism),103,0.09,,https://www.inouyelab.org/
M42027,histidylalanine,Peptide,Dipeptide,27,0.09,,https://www.inouyelab.org/
M00485,spermidine,Amino Acid,Polyamine Metabolism,65,0.09,0.09,https://www.inouyelab.org/
M36747,deoxycarnitine,Lipid,Carnitine Metabolism,68,0.09,0.07,https://www.inouyelab.org/
M46601,X - 11470,,,227,0.09,0.07,https://www.inouyelab.org/
M48992,X - 23293,,,95,0.09,,https://www.inouyelab.org/
M52280,X - 24241,,,38,0.08,,https://www.inouyelab.org/
M52719,phosphatidylcholine (16:0/22:5n3  18:1/20:4)*,Lipid,Phospholipid Metabolism,66,0.08,0.04,https://www.inouyelab.org/
M47132,5alpha-androstan-3alpha  17beta-diol-17-glucosiduronate,Lipid,Steroid,33,0.08,0.06,https://www.inouyelab.org/
M37496,N-acetylputrescine,Amino Acid,Polyamine Metabolism,84,0.08,0.1,https://www.inouyelab.org/
M43333,carboxyibuprofen,Xenobiotics,Drug,2,0.08,0.0,https://www.inouyelab.org/
M32342,adenosine 5'-monophosphate (AMP),Nucleotide,Purine Metabolism  Adenine containing,84,0.08,0.06,https://www.inouyelab.org/
M01558,4-acetamidobutanoate,Amino Acid,Polyamine Metabolism,83,0.08,0.04,https://www.inouyelab.org/
M34420,bradykinin  des-arg(9),Peptide,Polypeptide,9,0.08,0.01,https://www.inouyelab.org/
M46460,X - 11444,,,140,0.08,0.07,https://www.inouyelab.org/
M34424,5-acetylamino-6-amino-3-methyluracil,Xenobiotics,Xanthine Metabolism,74,0.08,0.03,https://www.inouyelab.org/
M34396,choline phosphate,Lipid,Phospholipid Metabolism,111,0.08,0.04,https://www.inouyelab.org/
M01110,arachidonate (20:4n6),Lipid,Polyunsaturated Fatty Acid (n3 and n6),64,0.08,0.04,https://www.inouyelab.org/
M46410,X - 21365,,,88,0.08,,https://www.inouyelab.org/
M27710,N-acetylglycine,Amino Acid,Glycine  Serine and Threonine Metabolism,70,0.08,0.07,https://www.inouyelab.org/
M52670,X - 24438,,,59,0.08,,https://www.inouyelab.org/
M32807,taurocholenate sulfate,Lipid,Secondary Bile Acid Metabolism,80,0.08,0.07,https://www.inouyelab.org/
M52720,phosphatidylcholine (18:0/20:5  16:0/22:5n6)*,Lipid,Phospholipid Metabolism,63,0.08,0.04,https://www.inouyelab.org/
M43256,N-acetyl-3-methylhistidine*,Amino Acid,Histidine Metabolism,55,0.08,0.06,https://www.inouyelab.org/
M32350,1-methylimidazoleacetate,Amino Acid,Histidine Metabolism,60,0.08,0.07,https://www.inouyelab.org/
M52449,1-stearoyl-2-arachidonoyl-GPI (18:0/20:4),Lipid,Phospholipid Metabolism,72,0.08,0.06,https://www.inouyelab.org/
M52988,adipoylcarnitine,Lipid,Fatty Acid Metabolism(Acyl Carnitine),61,0.08,0.07,https://www.inouyelab.org/
M46707,X - 17653,,,83,0.07,0.07,https://www.inouyelab.org/
M46368,X - 18914,,,77,0.07,,https://www.inouyelab.org/
M48491,sphingomyelin (d18:1/20:1  d18:2/20:0)*,Lipid,Sphingolipid Metabolism,53,0.07,0.06,https://www.inouyelab.org/
M53013,glycosyl-N-palmitoyl-sphingosine,Lipid,Sphingolipid Metabolism,54,0.07,0.05,https://www.inouyelab.org/
M52613,1-(1-enyl-stearoyl)-2-arachidonoyl-GPC (P-18:0/20:4),Lipid,Plasmalogen,64,0.07,,https://www.inouyelab.org/
M35436,hexanoylglycine,Lipid,Fatty Acid Metabolism(Acyl Glycine),51,0.07,0.07,https://www.inouyelab.org/
M46225,pyroglutamine*,Amino Acid,Glutamate Metabolism,60,0.07,0.04,https://www.inouyelab.org/
M33936,octanoylcarnitine,Lipid,Fatty Acid Metabolism(Acyl Carnitine),69,0.07,0.06,https://www.inouyelab.org/
M43258,acisoga,Amino Acid,Polyamine Metabolism,64,0.07,0.07,https://www.inouyelab.org/
M47872,X - 17340,,,54,0.07,,https://www.inouyelab.org/
M47801,X - 16071,,,115,0.07,,https://www.inouyelab.org/
M52446,1-stearoyl-2-linoleoyl-GPE (18:0/18:2)*,Lipid,Phospholipid Metabolism,73,0.07,0.06,https://www.inouyelab.org/
M15745,methylsuccinate,Amino Acid,Leucine  Isoleucine and Valine Metabolism,106,0.07,0.03,https://www.inouyelab.org/
M52713,1-(1-enyl-palmitoyl)-2-palmitoleoyl-GPC (P-16:0/16:1)*,Lipid,Plasmalogen,42,0.07,0.06,https://www.inouyelab.org/
M01505,orotate,Nucleotide,Pyrimidine Metabolism  Orotate containing,78,0.07,0.05,https://www.inouyelab.org/
M38102,oleoyl ethanolamide,Lipid,Endocannabinoid,53,0.07,0.06,https://www.inouyelab.org/
M52718,1-palmityl-2-arachidonoyl-GPC (O-16:0/20:4)*,Lipid,Phospholipid Metabolism,63,0.07,,https://www.inouyelab.org/
M52716,1-(1-enyl-palmitoyl)-2-palmitoyl-GPC (P-16:0/16:0)*,Lipid,Plasmalogen,51,0.07,0.07,https://www.inouyelab.org/
M46325,1-arachidonoyl-GPA (20:4),Lipid,Lysolipid,58,0.07,0.05,https://www.inouyelab.org/
M31932,propionylglycine,Lipid,Fatty Acid Metabolism (also BCAA Metabolism),63,0.07,0.05,https://www.inouyelab.org/
M35186,1-arachidonoyl-GPE (20:4n6)*,Lipid,Lysolipid,68,0.07,0.03,https://www.inouyelab.org/
M35631,1-palmitoyl-GPE (16:0),Lipid,Lysolipid,53,0.07,0.05,https://www.inouyelab.org/
M00605,uracil,Nucleotide,Pyrimidine Metabolism  Uracil containing,78,0.07,0.05,https://www.inouyelab.org/
M37207,4-androsten-3alpha 17alpha-diol monosulfate (2),Lipid,Steroid,59,0.07,0.06,https://www.inouyelab.org/
M52468,1-stearoyl-2-linoleoyl-GPI (18:0/18:2),Lipid,Phospholipid Metabolism,59,0.07,0.05,https://www.inouyelab.org/
M46115,21-hydroxypregnenolone disulfate,Lipid,Steroid,81,0.07,0.04,https://www.inouyelab.org/
M46285,X - 21283,,,37,0.06,,https://www.inouyelab.org/
M33959,N-acetyltryptophan,Amino Acid,Tryptophan Metabolism,77,0.06,0.03,https://www.inouyelab.org/
M01417,kynurenate,Amino Acid,Tryptophan Metabolism,39,0.06,0.04,https://www.inouyelab.org/
M38165,palmitoyl ethanolamide,Lipid,Endocannabinoid,44,0.06,0.05,https://www.inouyelab.org/
M46663,X - 11334,,,58,0.06,,https://www.inouyelab.org/
M01600,phosphoethanolamine,Lipid,Phospholipid Metabolism,81,0.06,0.04,https://www.inouyelab.org/
M33904,X - 12459,,,58,0.06,,https://www.inouyelab.org/
M44563,1-eicosapentaenoyl-GPC (20:5)*,Lipid,Lysolipid,53,0.06,,https://www.inouyelab.org/
M46652,X - 14658,,,59,0.06,,https://www.inouyelab.org/
M33997,campesterol,Lipid,Sterol,16,0.06,0.07,https://www.inouyelab.org/
M46904,X - 21735,,,59,0.06,,https://www.inouyelab.org/
M12017,3-methoxytyrosine,Amino Acid,Phenylalanine and Tyrosine Metabolism,48,0.06,0.02,https://www.inouyelab.org/
M43330,2-hydroxyibuprofen,Xenobiotics,Drug,1,0.06,0.0,https://www.inouyelab.org/
M42398,1-stearoyl-GPE (18:0),Lipid,Lysolipid,51,0.06,0.04,https://www.inouyelab.org/
M43591,N2 N5-diacetylornithine,Amino Acid,Urea cycle; Arginine and Proline Metabolism,66,0.06,0.05,https://www.inouyelab.org/
M47821,X - 17337,,,68,0.06,,https://www.inouyelab.org/
M52049,X - 24020,,,63,0.06,,https://www.inouyelab.org/
M34389,1-methylxanthine,Xenobiotics,Xanthine Metabolism,54,0.06,0.08,https://www.inouyelab.org/
M02125,taurine,Amino Acid,Methionine  Cysteine  SAM and Taurine Metabolism,77,0.06,0.04,https://www.inouyelab.org/
M47114,ferulic acid 4-sulfate,Xenobiotics,Food Component/Plant,71,0.06,0.05,https://www.inouyelab.org/
M46223,linoleoylcarnitine*,Lipid,Fatty Acid Metabolism(Acyl Carnitine),73,0.06,0.05,https://www.inouyelab.org/
M46997,X - 12822,,,61,0.06,0.02,https://www.inouyelab.org/
M46390,X - 11308,,,79,0.06,0.04,https://www.inouyelab.org/
M42463,sphingomyelin (d18:1/14:0  d16:1/16:0)*,Lipid,Sphingolipid Metabolism,58,0.06,0.05,https://www.inouyelab.org/
M36752,N6-acetyllysine,Amino Acid,Lysine Metabolism,58,0.06,0.02,https://www.inouyelab.org/
M49583,X - 23705,,,55,0.06,,https://www.inouyelab.org/
M19263,1-palmitoyl-2-oleoyl-GPE (16:0/18:1),Lipid,Phospholipid Metabolism,46,0.06,0.05,https://www.inouyelab.org/
M32452,propionylcarnitine,Lipid,Fatty Acid Metabolism (also BCAA Metabolism),34,0.05,0.04,https://www.inouyelab.org/
M52699,1-stearoyl-2-docosapentaenoyl-GPC (18:0/22:5n3)*,Lipid,Phospholipid Metabolism,44,0.05,,https://www.inouyelab.org/
M33962,bradykinin  hydroxy-pro(3),Peptide,Polypeptide,12,0.05,0.01,https://www.inouyelab.org/
M00512,asparagine,Amino Acid,Alanine and Aspartate Metabolism,38,0.05,0.03,https://www.inouyelab.org/
M32578,X - 11261,,,34,0.05,,https://www.inouyelab.org/
M43231,6-oxopiperidine-2-carboxylic acid,Amino Acid,Lysine Metabolism,30,0.05,0.03,https://www.inouyelab.org/
M46677,X - 16654,,,57,0.05,,https://www.inouyelab.org/
M52463,1-palmitoyl-2-eicosapentaenoyl-GPC (16:0/20:5)*,Lipid,Phospholipid Metabolism,49,0.05,,https://www.inouyelab.org/
M48009,X - 17357,,,37,0.05,0.04,https://www.inouyelab.org/
M49228,X - 23369,,,89,0.05,,https://www.inouyelab.org/
M49647,X - 23749,,,24,0.05,,https://www.inouyelab.org/
M49704,X - 23314,,,21,0.05,,https://www.inouyelab.org/
M34214,1-arachidonoyl-GPI (20:4)*,Lipid,Lysolipid,58,0.05,0.03,https://www.inouyelab.org/
M01604,urate,Nucleotide,Purine Metabolism  (Hypo)Xanthine/Inosine containing,83,0.05,0.05,https://www.inouyelab.org/
M47013,X - 16570,,,40,0.05,,https://www.inouyelab.org/
M46700,X - 18922,,,51,0.05,0.04,https://www.inouyelab.org/
M49592,X - 11315,,,32,0.05,0.02,https://www.inouyelab.org/
M52671,X - 24439,,,31,0.05,,https://www.inouyelab.org/
M52636,X - 24422,,,26,0.05,0.05,https://www.inouyelab.org/
M34395,1-methylurate,Xenobiotics,Xanthine Metabolism,44,0.05,0.03,https://www.inouyelab.org/
M35160,oleoylcarnitine,Lipid,Fatty Acid Metabolism(Acyl Carnitine),51,0.05,0.04,https://www.inouyelab.org/
M46294,X - 21285,,,75,0.05,,https://www.inouyelab.org/
M37432,N-acetyl-beta-alanine,Nucleotide,Pyrimidine Metabolism  Uracil containing,28,0.05,0.01,https://www.inouyelab.org/
M48490,sphingomyelin (d18:1/20:0  d16:1/22:0)*,Lipid,Sphingolipid Metabolism,37,0.05,0.06,https://www.inouyelab.org/
M03141,betaine,Amino Acid,Glycine  Serine and Threonine Metabolism,40,0.05,0.04,https://www.inouyelab.org/
M52495,sphingomyelin (d18:1/21:0  d17:1/22:0  d16:1/23:0)*,Lipid,Sphingolipid Metabolism,39,0.05,0.04,https://www.inouyelab.org/
M44681,palmitoylcarnitine,Lipid,Fatty Acid Metabolism(Acyl Carnitine),51,0.05,0.04,https://www.inouyelab.org/
M35159,cysteine-glutathione disulfide,Amino Acid,Glutathione Metabolism,34,0.05,0.03,https://www.inouyelab.org/
M33937,alpha-hydroxyisovalerate,Amino Acid,Leucine  Isoleucine and Valine Metabolism,40,0.05,,https://www.inouyelab.org/
M52687,1-oleoyl-2-linoleoyl-GPE (18:1/18:2)*,Lipid,Phospholipid Metabolism,43,0.05,0.05,https://www.inouyelab.org/
M34409,stearoylcarnitine,Lipid,Fatty Acid Metabolism(Acyl Carnitine),45,0.05,0.04,https://www.inouyelab.org/
M00587,gluconate,Xenobiotics,Food Component/Plant,25,0.05,0.03,https://www.inouyelab.org/
M46633,X - 12844,,,35,0.05,0.05,https://www.inouyelab.org/
M44876,gamma-CEHC,Cofactors and Vitamins,Tocopherol Metabolism,58,0.05,0.04,https://www.inouyelab.org/
M47652,X - 11549,,,57,0.05,,https://www.inouyelab.org/
M46634,X - 12846,,,45,0.05,,https://www.inouyelab.org/
M37198,5alpha-pregnan-3beta 20alpha-diol disulfate,Lipid,Steroid,52,0.05,0.04,https://www.inouyelab.org/
M38170,pregnenolone sulfate,Lipid,Steroid,43,0.05,0.03,https://www.inouyelab.org/
M46417,X - 13866,,,57,0.05,0.04,https://www.inouyelab.org/
M18467,eicosapentaenoate (EPA; 20:5n3),Lipid,Polyunsaturated Fatty Acid (n3 and n6),44,0.05,0.02,https://www.inouyelab.org/
M37210,4-androsten-3beta 17beta-diol monosulfate (2),Lipid,Steroid,44,0.04,0.04,https://www.inouyelab.org/
M52450,1-palmitoyl-2-linoleoyl-GPI (16:0/18:2),Lipid,Phospholipid Metabolism,38,0.04,0.03,https://www.inouyelab.org/
M52705,1-oleoyl-2-dihomo-linolenoyl-GPC (18:1/20:3)*,Lipid,Phospholipid Metabolism,62,0.04,,https://www.inouyelab.org/
M32425,dehydroisoandrosterone sulfate (DHEA-S),Lipid,Steroid,47,0.04,0.03,https://www.inouyelab.org/
M33871,1-dihomo-linoleoyl-GPC (20:2)*,Lipid,Lysolipid,41,0.04,,https://www.inouyelab.org/
M48011,X - 17359,,,42,0.04,,https://www.inouyelab.org/
M32815,2-arachidonoyl-GPE (20:4)*,Lipid,Lysolipid,47,0.04,,https://www.inouyelab.org/
M38178,cis-4-decenoyl carnitine,Lipid,Fatty Acid Metabolism(Acyl Carnitine),51,0.04,0.04,https://www.inouyelab.org/
M53010,lactosyl-N-palmitoyl-sphingosine,Lipid,Sphingolipid Metabolism,49,0.04,0.03,https://www.inouyelab.org/
M52684,1-palmitoyl-2-linolenoyl-GPC (16:0/18:3)*,Lipid,Phospholipid Metabolism,34,0.04,,https://www.inouyelab.org/
M15140,kynurenine,Amino Acid,Tryptophan Metabolism,40,0.04,0.01,https://www.inouyelab.org/
M45452,2-palmitoyl-GPE (16:0)*,Lipid,Lysolipid,46,0.04,,https://www.inouyelab.org/
M46366,X - 18249,,,51,0.04,,https://www.inouyelab.org/
M37196,5alpha-pregnan-3beta 20beta-diol monosulfate (1),Lipid,Steroid,44,0.04,0.04,https://www.inouyelab.org/
M34407,isovalerylcarnitine,Amino Acid,Leucine  Isoleucine and Valine Metabolism,50,0.04,0.04,https://www.inouyelab.org/
M32619,pregn steroid monosulfate*,Lipid,Steroid,41,0.04,0.03,https://www.inouyelab.org/
M44630,1-dihomo-linolenoyl-GPE (20:3n3 or 6)*,Lipid,Lysolipid,36,0.04,,https://www.inouyelab.org/
M52738,1-stearoyl-2-meadoyl-GPC (18:0/20:3n9)*,Lipid,Phospholipid Metabolism,40,0.04,,https://www.inouyelab.org/
M12129,beta-hydroxyisovalerate,Amino Acid,Leucine  Isoleucine and Valine Metabolism,37,0.04,0.02,https://www.inouyelab.org/
M19503,stearoyl sphingomyelin (d18:1/18:0),Lipid,Sphingolipid Metabolism,26,0.04,0.05,https://www.inouyelab.org/
M33821,1-dihomo-linolenoyl-GPC (20:3n3 or 6)*,Lipid,Lysolipid,63,0.04,,https://www.inouyelab.org/
M00594,nicotinamide,Cofactors and Vitamins,Nicotinate and Nicotinamide Metabolism,51,0.04,0.03,https://www.inouyelab.org/
M52453,1-oleoyl-2-linoleoyl-GPC (18:1/18:2)*,Lipid,Phospholipid Metabolism,41,0.04,,https://www.inouyelab.org/
M46970,X - 17676,,,26,0.04,0.03,https://www.inouyelab.org/
M52433,sphingomyelin (d18:1/15:0  d16:1/17:0)*,Lipid,Sphingolipid Metabolism,38,0.04,0.03,https://www.inouyelab.org/
M18368,cys-gly  oxidized,Amino Acid,Glutathione Metabolism,27,0.04,0.02,https://www.inouyelab.org/
M52454,1-palmitoyl-2-dihomo-linolenoyl-GPC (16:0/20:3n3 or 6)*,Lipid,Phospholipid Metabolism,61,0.04,0.04,https://www.inouyelab.org/
M37529,sphingomyelin (d18:1/18:1  d18:2/18:0),Lipid,Sphingolipid Metabolism,39,0.04,0.03,https://www.inouyelab.org/
M33941,decanoylcarnitine,Lipid,Fatty Acid Metabolism(Acyl Carnitine),51,0.04,0.03,https://www.inouyelab.org/
M52629,1-stearoyl-2-dihomo-linolenoyl-GPC (18:0/20:3n3 or 6)*,Lipid,Phospholipid Metabolism,69,0.04,,https://www.inouyelab.org/
M32198,acetylcarnitine,Lipid,Fatty Acid Metabolism(Acyl Carnitine),20,0.04,0.03,https://www.inouyelab.org/
M52669,1-palmitoyl-2-oleoyl-GPI (16:0/18:1)*,Lipid,Phospholipid Metabolism,30,0.04,0.03,https://www.inouyelab.org/
M44633,1-docosahexaenoyl-GPE (22:6)*,Lipid,Lysolipid,39,0.04,,https://www.inouyelab.org/
M12032,4-acetamidophenol,Xenobiotics,Drug,2,0.04,0.0,https://www.inouyelab.org/
M48980,tigloylglycine,Amino Acid,Leucine  Isoleucine and Valine Metabolism,20,0.04,,https://www.inouyelab.org/
M32698,X - 11381,,,19,0.04,0.03,https://www.inouyelab.org/
M32405,indolepropionate,Amino Acid,Tryptophan Metabolism,23,0.04,0.03,https://www.inouyelab.org/
M37097,tryptophan betaine,Amino Acid,Tryptophan Metabolism,66,0.04,0.03,https://www.inouyelab.org/
M46616,X - 12411,,,16,0.04,0.05,https://www.inouyelab.org/
M52467,1-palmitoyl-2-arachidonoyl-GPI (16:0/20:4)*,Lipid,Phospholipid Metabolism,29,0.04,0.02,https://www.inouyelab.org/
M52737,1-palmitoyl-2-meadoyl-GPC (16:0/20:3n9)*,Lipid,Phospholipid Metabolism,37,0.04,,https://www.inouyelab.org/
M52434,palmitoyl dihydrosphingomyelin (d18:0/16:0)*,Lipid,Sphingolipid Metabolism,24,0.04,0.03,https://www.inouyelab.org/
M01498,N6 N6 N6-trimethyllysine,Amino Acid,Lysine Metabolism,22,0.04,0.01,https://www.inouyelab.org/
M00590,hypotaurine,Amino Acid,Methionine  Cysteine  SAM and Taurine Metabolism,45,0.04,0.03,https://www.inouyelab.org/
M46977,X - 15503,,,26,0.04,0.02,https://www.inouyelab.org/
M52603,1 2-dilinoleoyl-GPC (18:2/18:2),Lipid,Phospholipid Metabolism,34,0.03,0.02,https://www.inouyelab.org/
M33952,myristoylcarnitine,Lipid,Fatty Acid Metabolism(Acyl Carnitine),39,0.03,0.03,https://www.inouyelab.org/
M46172,5alpha-pregnan-3(alpha or beta) 20beta-diol disulfate,Lipid,Steroid,27,0.03,0.04,https://www.inouyelab.org/
M52683,1-palmitoleoyl-2-linoleoyl-GPC (16:1/18:2)*,Lipid,Phospholipid Metabolism,31,0.03,,https://www.inouyelab.org/
M37231,1-docosapentaenoyl-GPC (22:5n3)*,Lipid,Lysolipid,31,0.03,,https://www.inouyelab.org/
M47715,X - 12681,,,25,0.03,,https://www.inouyelab.org/
M37203,4-androsten-3beta 17beta-diol disulfate (2),Lipid,Steroid,36,0.03,0.03,https://www.inouyelab.org/
M33949,gamma-glutamylglycine,Peptide,Gamma-glutamyl Amino Acid,39,0.03,0.02,https://www.inouyelab.org/
M48993,X - 23294,,,45,0.03,,https://www.inouyelab.org/
M35437,isobutyrylglycine,Amino Acid,Leucine  Isoleucine and Valine Metabolism,26,0.03,0.01,https://www.inouyelab.org/
M32620,glycolithocholate sulfate*,Lipid,Secondary Bile Acid Metabolism,23,0.03,0.04,https://www.inouyelab.org/
M41220,2-stearoyl-GPE (18:0)*,Lipid,Lysolipid,28,0.03,0.02,https://www.inouyelab.org/
M49635,X - 23737,,,18,0.03,,https://www.inouyelab.org/
M32497,10-undecenoate (11:1n1),Lipid,Medium Chain Fatty Acid,46,0.03,0.03,https://www.inouyelab.org/
M46673,X - 16576,,,28,0.03,0.02,https://www.inouyelab.org/
M33384,salicyluric glucuronide*,Xenobiotics,Drug,3,0.03,0.0,https://www.inouyelab.org/
M01567,vanillylmandelate (VMA),Amino Acid,Phenylalanine and Tyrosine Metabolism,19,0.03,0.02,https://www.inouyelab.org/
M42574,glycohyocholate,Lipid,Secondary Bile Acid Metabolism,22,0.03,0.01,https://www.inouyelab.org/
M37184,5alpha-androstan-3alpha 17beta-diol disulfate,Lipid,Steroid,35,0.03,0.03,https://www.inouyelab.org/
M15705,cystathionine,Amino Acid,Methionine  Cysteine  SAM and Taurine Metabolism,11,0.03,0.04,https://www.inouyelab.org/
M42446,1-palmitoyl-2-linoleoyl-GPC (16:0/18:2),Lipid,Phospholipid Metabolism,31,0.03,0.02,https://www.inouyelab.org/
M22130,phenyllactate (PLA),Amino Acid,Phenylalanine and Tyrosine Metabolism,20,0.03,0.02,https://www.inouyelab.org/
M35639,vanillate,Xenobiotics,Food Component/Plant,1,0.03,,https://www.inouyelab.org/
M42448,1-stearoyl-2-oleoyl-GPE (18:0/18:1),Lipid,Phospholipid Metabolism,34,0.03,0.03,https://www.inouyelab.org/
M37506,palmitoyl sphingomyelin (d18:1/16:0),Lipid,Sphingolipid Metabolism,18,0.03,0.02,https://www.inouyelab.org/
M01648,serine,Amino Acid,Glycine  Serine and Threonine Metabolism,22,0.03,0.02,https://www.inouyelab.org/
M46597,X - 11429,,,19,0.03,,https://www.inouyelab.org/
M36754,octadecanedioate,Lipid,Fatty Acid  Dicarboxylate,43,0.03,0.03,https://www.inouyelab.org/
M15772,ribitol,Carbohydrate,Pentose Metabolism,32,0.03,0.02,https://www.inouyelab.org/
M00063,cholesterol,Lipid,Sterol,19,0.03,0.02,https://www.inouyelab.org/
M00607,trans-urocanate,Amino Acid,Histidine Metabolism,28,0.03,0.03,https://www.inouyelab.org/
M01899,quinolinate,Cofactors and Vitamins,Nicotinate and Nicotinamide Metabolism,29,0.03,0.02,https://www.inouyelab.org/
M37211,4-androsten-3beta 17beta-diol monosulfate (1),Lipid,Steroid,39,0.03,0.02,https://www.inouyelab.org/
M02829,N-formylmethionine,Amino Acid,Methionine  Cysteine  SAM and Taurine Metabolism,22,0.03,0.02,https://www.inouyelab.org/
M52677,1-(1-enyl-palmitoyl)-2-linoleoyl-GPE (P-16:0/18:2)*,Lipid,Plasmalogen,27,0.03,0.01,https://www.inouyelab.org/
M01638,arginine,Amino Acid,Urea cycle; Arginine and Proline Metabolism,23,0.03,0.01,https://www.inouyelab.org/
M46602,X - 11478,,,29,0.03,0.04,https://www.inouyelab.org/
M52700,1-stearoyl-2-docosapentaenoyl-GPC (18:0/22:5n6)*,Lipid,Phospholipid Metabolism,16,0.03,,https://www.inouyelab.org/
M46388,X - 21343,,,26,0.03,,https://www.inouyelab.org/
M52710,1-linoleoyl-2-arachidonoyl-GPC (18:2/20:4n6)*,Lipid,Phospholipid Metabolism,27,0.03,0.02,https://www.inouyelab.org/
M21133,4-hydroxybenzoate,Xenobiotics,Benzoate Metabolism,3,0.03,0.0,https://www.inouyelab.org/
M47670,X - 18899,,,28,0.03,0.02,https://www.inouyelab.org/
M52451,1-oleoyl-2-linoleoyl-GPI (18:1/18:2)*,Lipid,Phospholipid Metabolism,26,0.03,0.02,https://www.inouyelab.org/
M01589,N-acetylmethionine,Amino Acid,Methionine  Cysteine  SAM and Taurine Metabolism,8,0.03,0.0,https://www.inouyelab.org/
M33161,2-methoxyacetaminophen glucuronide*,Xenobiotics,Drug,1,0.03,0.0,https://www.inouyelab.org/
M47347,X - 18889,,,20,0.03,,https://www.inouyelab.org/
M37187,5alpha-androstan-3beta 17alpha-diol disulfate,Lipid,Steroid,17,0.03,0.02,https://www.inouyelab.org/
M46643,X - 13529,,,17,0.03,,https://www.inouyelab.org/
M46706,X - 17469,,,35,0.03,,https://www.inouyelab.org/
M49557,X - 23680,,,16,0.03,0.03,https://www.inouyelab.org/
M15679,xanthurenate,Amino Acid,Tryptophan Metabolism,17,0.03,0.01,https://www.inouyelab.org/
M46456,X - 21411,,,35,0.03,,https://www.inouyelab.org/
M32417,docosatrienoate (22:3n3),Lipid,Polyunsaturated Fatty Acid (n3 and n6),23,0.03,0.03,https://www.inouyelab.org/
M30460,1-methylhistidine,Amino Acid,Histidine Metabolism,21,0.03,0.01,https://www.inouyelab.org/
M46356,X - 21312,,,51,0.03,0.01,https://www.inouyelab.org/
M01585,N-acetylalanine,Amino Acid,Alanine and Aspartate Metabolism,6,0.03,0.01,https://www.inouyelab.org/
M46657,X - 14939,,,33,0.03,0.02,https://www.inouyelab.org/
M33230,1-palmitoleoyl-GPC (16:1)*,Lipid,Lysolipid,14,0.03,0.01,https://www.inouyelab.org/
M36594,1-linoleoyl-GPI (18:2)*,Lipid,Lysolipid,25,0.03,0.02,https://www.inouyelab.org/
M02132,citrulline,Amino Acid,Urea cycle; Arginine and Proline Metabolism,16,0.03,0.01,https://www.inouyelab.org/
M18349,indolelactate,Amino Acid,Tryptophan Metabolism,17,0.02,0.01,https://www.inouyelab.org/
M52500,1-margaroyl-2-linoleoyl-GPC (17:0/18:2)*,Lipid,Phospholipid Metabolism,30,0.02,,https://www.inouyelab.org/
M46656,X - 14662,,,10,0.02,,https://www.inouyelab.org/
M48187,N-acetyltaurine,Amino Acid,Methionine  Cysteine  SAM and Taurine Metabolism,12,0.02,0.01,https://www.inouyelab.org/
M46798,1-oleoyl-2-linoleoyl-glycerol (18:1/18:2),Lipid,Diacylglycerol,32,0.02,0.02,https://www.inouyelab.org/
M52611,1-stearoyl-2-docosahexaenoyl-GPC (18:0/22:6),Lipid,Phospholipid Metabolism,21,0.02,0.02,https://www.inouyelab.org/
M33822,1-docosahexaenoyl-GPC (22:6)*,Lipid,Lysolipid,16,0.02,,https://www.inouyelab.org/
M46971,X - 21795,,,26,0.02,,https://www.inouyelab.org/
M52715,1-(1-enyl-palmitoyl)-2-myristoyl-GPC (P-16:0/14:0)*,Lipid,Plasmalogen,11,0.02,,https://www.inouyelab.org/
M46994,X - 17367,,,17,0.02,0.02,https://www.inouyelab.org/
M47031,2-methoxyacetaminophen sulfate*,Xenobiotics,Drug,1,0.02,0.0,https://www.inouyelab.org/
M46398,X - 21353,,,21,0.02,0.01,https://www.inouyelab.org/
M27718,creatine,Amino Acid,Creatine Metabolism,8,0.02,0.02,https://www.inouyelab.org/
M47642,X - 12101,,,28,0.02,0.02,https://www.inouyelab.org/
M37482,17alpha-hydroxypregnenolone sulfate,Lipid,Steroid,25,0.02,0.02,https://www.inouyelab.org/
M46608,X - 11880,,,32,0.02,0.03,https://www.inouyelab.org/
M36850,taurolithocholate 3-sulfate,Lipid,Secondary Bile Acid Metabolism,17,0.02,0.02,https://www.inouyelab.org/
M46295,X - 21286,,,12,0.02,0.01,https://www.inouyelab.org/
M37076,N-acetylserine,Amino Acid,Glycine  Serine and Threonine Metabolism,7,0.02,0.01,https://www.inouyelab.org/
M01494,5-oxoproline,Amino Acid,Glutathione Metabolism,12,0.02,0.01,https://www.inouyelab.org/
M52698,1-adrenoyl-GPC (22:4)*,Lipid,Lysolipid,24,0.02,,https://www.inouyelab.org/
M52615,sphingomyelin (d18:1/17:0  d17:1/18:0  d19:1/16:0),Lipid,Sphingolipid Metabolism,13,0.02,0.02,https://www.inouyelab.org/
M46355,X - 09789,,,27,0.02,,https://www.inouyelab.org/
M33969,stearidonate (18:4n3),Lipid,Polyunsaturated Fatty Acid (n3 and n6),21,0.02,0.01,https://www.inouyelab.org/
M00059,histidine,Amino Acid,Histidine Metabolism,3,0.02,0.0,https://www.inouyelab.org/
M32377,N-acetylneuraminate,Carbohydrate,Aminosugar Metabolism,14,0.02,0.02,https://www.inouyelab.org/
M42374,2-aminobutyrate,Amino Acid,Methionine  Cysteine  SAM and Taurine Metabolism,16,0.02,0.01,https://www.inouyelab.org/
M46662,X - 15492,,,11,0.02,,https://www.inouyelab.org/
M47687,X - 12100,,,14,0.02,0.0,https://www.inouyelab.org/
M27731,ribonate,Carbohydrate,Pentose Metabolism,23,0.02,0.01,https://www.inouyelab.org/
M47709,X - 12339,,,9,0.02,,https://www.inouyelab.org/
M49637,X - 23739,,,15,0.02,0.01,https://www.inouyelab.org/
M46799,1-oleoyl-3-linoleoyl-glycerol (18:1/18:2),Lipid,Diacylglycerol,22,0.02,0.02,https://www.inouyelab.org/
M35107,isovalerylglycine,Amino Acid,Leucine  Isoleucine and Valine Metabolism,11,0.02,0.01,https://www.inouyelab.org/
M31943,3-hydroxysebacate,Lipid,Fatty Acid  Monohydroxy,25,0.02,0.02,https://www.inouyelab.org/
M40708,pregnanediol-3-glucuronide,Lipid,Steroid,17,0.02,0.02,https://www.inouyelab.org/
M52475,1-(1-enyl-stearoyl)-2-arachidonoyl-GPE (P-18:0/20:4)*,Lipid,Plasmalogen,21,0.02,0.01,https://www.inouyelab.org/
M52452,1-stearoyl-2-linoleoyl-GPC (18:0/18:2)*,Lipid,Phospholipid Metabolism,26,0.02,0.01,https://www.inouyelab.org/
M52673,1-(1-enyl-palmitoyl)-2-arachidonoyl-GPE (P-16:0/20:4)*,Lipid,Plasmalogen,19,0.02,0.0,https://www.inouyelab.org/
M48043,X - 18603,,,12,0.02,,https://www.inouyelab.org/
M52630,1-(1-enyl-palmitoyl)-2-docosahexaenoyl-GPC (P-16:0/22:6)*,Lipid,Plasmalogen,13,0.02,,https://www.inouyelab.org/
M46500,X - 02249,,,15,0.02,,https://www.inouyelab.org/
M31912,glycolithocholate,Lipid,Secondary Bile Acid Metabolism,28,0.02,0.02,https://www.inouyelab.org/
M39592,S-methylcysteine,Amino Acid,Methionine  Cysteine  SAM and Taurine Metabolism,16,0.02,0.02,https://www.inouyelab.org/
M31548,DSGEGDFXAEGGGVR*,Peptide,Fibrinogen Cleavage Peptide,1,0.02,0.0,https://www.inouyelab.org/
M46648,X - 13891,,,31,0.02,,https://www.inouyelab.org/
M47702,X - 12127,,,8,0.02,,https://www.inouyelab.org/
M48067,X - 22764,,,26,0.02,,https://www.inouyelab.org/
M42381,gamma-CEHC glucuronide*,Cofactors and Vitamins,Tocopherol Metabolism,17,0.02,,https://www.inouyelab.org/
M52748,1-(1-enyl-stearoyl)-2-linoleoyl-GPE (P-18:0/18:2)*,Lipid,Plasmalogen,20,0.02,0.01,https://www.inouyelab.org/
M46459,X - 01911,,,17,0.02,,https://www.inouyelab.org/
M52633,1-palmitoyl-2-linoleoyl-glycerol (16:0/18:2)*,Lipid,Diacylglycerol,24,0.02,0.01,https://www.inouyelab.org/
M46710,X - 17690,,,24,0.02,0.01,https://www.inouyelab.org/
M46318,X - 12714,,,57,0.02,0.02,https://www.inouyelab.org/
M01124,myo-inositol,Lipid,Inositol Metabolism,22,0.02,0.01,https://www.inouyelab.org/
M46519,X - 21474,,,7,0.02,,https://www.inouyelab.org/
M48052,X - 17612,,,16,0.02,0.0,https://www.inouyelab.org/
M48857,glycerophosphoglycerol,Lipid,Glycerolipid Metabolism,10,0.02,,https://www.inouyelab.org/
M00606,uridine,Nucleotide,Pyrimidine Metabolism  Uracil containing,11,0.02,0.01,https://www.inouyelab.org/
M22194,pyroglutamylglutamine,Peptide,Dipeptide,42,0.02,,https://www.inouyelab.org/
M46613,X - 12216,,,14,0.02,0.01,https://www.inouyelab.org/
M02730,gamma-glutamylglutamine,Peptide,Gamma-glutamyl Amino Acid,7,0.02,0.0,https://www.inouyelab.org/
M00053,glutamine,Amino Acid,Glutamate Metabolism,9,0.02,0.01,https://www.inouyelab.org/
M34397,1-arachidonylglycerol (20:4),Lipid,Monoacylglycerol,12,0.02,0.03,https://www.inouyelab.org/
M52717,1-palmityl-2-oleoyl-GPC (O-16:0/18:1)*,Lipid,Phospholipid Metabolism,16,0.02,,https://www.inouyelab.org/
M52090,X - 24061,,,13,0.02,,https://www.inouyelab.org/
M47026,X - 21849,,,21,0.02,,https://www.inouyelab.org/
M27513,indoleacetate,Amino Acid,Tryptophan Metabolism,15,0.02,0.01,https://www.inouyelab.org/
M48255,arabonate/xylonate,Carbohydrate,Pentose Metabolism,8,0.02,0.0,https://www.inouyelab.org/
M46966,X - 12126,,,9,0.02,,https://www.inouyelab.org/
M36808,dimethylarginine (SDMA + ADMA),Amino Acid,Urea cycle; Arginine and Proline Metabolism,18,0.02,0.01,https://www.inouyelab.org/
M52701,1-(1-enyl-oleoyl)-GPC (P-18:1)*,Lipid,Lysoplasmalogen,8,0.02,,https://www.inouyelab.org/
M36600,1-linoleoyl-GPE (18:2)*,Lipid,Lysolipid,23,0.02,0.01,https://www.inouyelab.org/
M22138,homocitrulline,Amino Acid,Urea cycle; Arginine and Proline Metabolism,19,0.02,0.01,https://www.inouyelab.org/
M52863,X - 24542,,,17,0.02,,https://www.inouyelab.org/
M01516,sarcosine (N-Methylglycine),Amino Acid,Glycine  Serine and Threonine Metabolism,16,0.02,0.01,https://www.inouyelab.org/
M45675,1-docosapentaenoyl-GPC (22:5n6)*,Lipid,Lysolipid,8,0.02,,https://www.inouyelab.org/
M52707,1-myristoyl-2-linoleoyl-GPC (14:0/18:2)*,Lipid,Phospholipid Metabolism,17,0.02,,https://www.inouyelab.org/
M34445,sphingosine 1-phosphate,Lipid,Sphingolipid Metabolism,12,0.02,0.01,https://www.inouyelab.org/
M52478,1-(1-enyl-palmitoyl)-2-oleoyl-GPC (P-16:0/18:1)*,Lipid,Plasmalogen,11,0.02,0.01,https://www.inouyelab.org/
M22053,3-hydroxydecanoate,Lipid,Fatty Acid  Monohydroxy,16,0.02,0.01,https://www.inouyelab.org/
M52474,1-(1-enyl-palmitoyl)-GPC (P-16:0)*,Lipid,Lysoplasmalogen,17,0.02,0.01,https://www.inouyelab.org/
M33955,1-palmitoyl-GPC (16:0),Lipid,Lysolipid,11,0.02,0.0,https://www.inouyelab.org/
M46203,2-docosahexaenoyl-GPC (22:6)*,Lipid,Lysolipid,10,0.02,,https://www.inouyelab.org/
M19130,1 2-dipalmitoyl-GPC (16:0/16:0),Lipid,Phospholipid Metabolism,18,0.02,0.03,https://www.inouyelab.org/
M45095,2-methylbutyrylcarnitine (C5),Amino Acid,Leucine  Isoleucine and Valine Metabolism,5,0.02,0.01,https://www.inouyelab.org/
M15650,N1-methyladenosine,Nucleotide,Purine Metabolism  Adenine containing,15,0.02,0.01,https://www.inouyelab.org/
M52616,1-palmitoyl-2-stearoyl-GPC (16:0/18:0),Lipid,Phospholipid Metabolism,11,0.02,0.01,https://www.inouyelab.org/
M52610,1-palmitoyl-2-docosahexaenoyl-GPC (16:0/22:6),Lipid,Phospholipid Metabolism,12,0.02,0.01,https://www.inouyelab.org/
M47006,X - 21829,,,7,0.02,0.01,https://www.inouyelab.org/
M48493,sphingomyelin (d18:1/22:1  d18:2/22:0  d16:1/24:1)*,Lipid,Sphingolipid Metabolism,11,0.02,0.02,https://www.inouyelab.org/
M45404,N-acetylalliin,Xenobiotics,Food Component/Plant,13,0.02,0.01,https://www.inouyelab.org/
M46260,X - 11564,,,7,0.02,,https://www.inouyelab.org/
M48130,N6-succinyladenosine,Nucleotide,Purine Metabolism  Adenine containing,11,0.02,,https://www.inouyelab.org/
M46384,X - 21339,,,16,0.02,0.02,https://www.inouyelab.org/
M35482,2-methylmalonyl carnitine,Lipid,Fatty Acid Synthesis,11,0.02,0.02,https://www.inouyelab.org/
M46728,X - 21659,,,7,0.02,,https://www.inouyelab.org/
M46626,X - 12739,,,24,0.02,,https://www.inouyelab.org/
M46266,X - 15486,,,16,0.02,0.02,https://www.inouyelab.org/
M47888,1-eicosapentaenoyl-GPE (20:5)*,Lipid,Lysolipid,17,0.02,,https://www.inouyelab.org/
M37459,ergothioneine,Xenobiotics,Food Component/Plant,31,0.02,0.01,https://www.inouyelab.org/
M42420,erythronate*,Carbohydrate,Aminosugar Metabolism,14,0.02,0.01,https://www.inouyelab.org/
M47153,sphingomyelin (d18:1/24:1  d18:2/24:0)*,Lipid,Sphingolipid Metabolism,4,0.02,0.0,https://www.inouyelab.org/
M39603,ethyl glucuronide,Xenobiotics,Chemical,1,0.02,0.0,https://www.inouyelab.org/
M38637,cinnamoylglycine,Xenobiotics,Food Component/Plant,12,0.02,0.02,https://www.inouyelab.org/
M37200,5alpha-pregnan-3beta 20alpha-diol monosulfate (2),Lipid,Steroid,7,0.02,0.02,https://www.inouyelab.org/
M32197,3-(4-hydroxyphenyl)lactate,Amino Acid,Phenylalanine and Tyrosine Metabolism,17,0.02,0.01,https://www.inouyelab.org/
M47905,X - 12026,,,7,0.02,0.01,https://www.inouyelab.org/
M02831,adenosine 3' 5'-cyclic monophosphate (cAMP),Nucleotide,Purine Metabolism  Adenine containing,10,0.02,,https://www.inouyelab.org/
M44877,N-palmitoyl-sphingosine (d18:1/16:0),Lipid,Sphingolipid Metabolism,8,0.02,0.0,https://www.inouyelab.org/
M52769,X - 24452,,,18,0.01,,https://www.inouyelab.org/
M46259,X - 21258,,,20,0.01,0.01,https://www.inouyelab.org/
M17747,sphingosine,Lipid,Sphingolipid Metabolism,8,0.01,0.0,https://www.inouyelab.org/
M35718,dihomo-linolenate (20:3n3 or n6),Lipid,Polyunsaturated Fatty Acid (n3 and n6),16,0.01,0.01,https://www.inouyelab.org/
M52634,1-palmitoyl-3-linoleoyl-glycerol (16:0/18:2)*,Lipid,Diacylglycerol,16,0.01,0.01,https://www.inouyelab.org/
M52497,1-pentadecanoyl-2-linoleoyl-GPC (15:0/18:2)*,Lipid,Phospholipid Metabolism,20,0.01,,https://www.inouyelab.org/
M01806,retinol (Vitamin A),Cofactors and Vitamins,Vitamin A Metabolism,6,0.01,0.0,https://www.inouyelab.org/
M01301,lysine,Amino Acid,Lysine Metabolism,14,0.01,0.01,https://www.inouyelab.org/
M52697,1-oleoyl-2-docosahexaenoyl-GPC (18:1/22:6)*,Lipid,Phospholipid Metabolism,7,0.01,0.0,https://www.inouyelab.org/
M34400,1 7-dimethylurate,Xenobiotics,Xanthine Metabolism,4,0.01,0.0,https://www.inouyelab.org/
M47478,X - 10458,,,8,0.01,0.0,https://www.inouyelab.org/
M36746,2-hydroxy-3-methylvalerate,Amino Acid,Leucine  Isoleucine and Valine Metabolism,13,0.01,0.01,https://www.inouyelab.org/
M32504,docosapentaenoate (n3 DPA; 22:5n3),Lipid,Polyunsaturated Fatty Acid (n3 and n6),19,0.01,0.01,https://www.inouyelab.org/
M46640,X - 15469,,,5,0.01,,https://www.inouyelab.org/
M46510,X - 12544,,,4,0.01,0.0,https://www.inouyelab.org/
M52281,2-hydroxybutyrate/2-hydroxyisobutyrate,Amino Acid,Methionine  Cysteine  SAM and Taurine Metabolism,8,0.01,0.01,https://www.inouyelab.org/
M46672,X - 17325,,,6,0.01,,https://www.inouyelab.org/
M01414,3-phosphoglycerate,Carbohydrate,Glycolysis  Gluconeogenesis  and Pyruvate Metabolism,15,0.01,0.01,https://www.inouyelab.org/
M01303,malate,Energy,TCA Cycle,17,0.01,0.01,https://www.inouyelab.org/
M02761,thyroxine,Amino Acid,Phenylalanine and Tyrosine Metabolism,12,0.01,0.01,https://www.inouyelab.org/
M47739,X - 22475,,,2,0.01,,https://www.inouyelab.org/
M52083,X - 24054,,,19,0.01,,https://www.inouyelab.org/
M46972,X - 21796,,,11,0.01,0.01,https://www.inouyelab.org/
M47978,X - 13846,,,30,0.01,0.01,https://www.inouyelab.org/
M37104,cyclo(leu-pro),Peptide,Dipeptide,19,0.01,,https://www.inouyelab.org/
M01114,deoxycholate,Lipid,Secondary Bile Acid Metabolism,5,0.01,0.0,https://www.inouyelab.org/
M46690,X - 18901,,,3,0.01,0.01,https://www.inouyelab.org/
M47992,X - 16649,,,1,0.01,0.0,https://www.inouyelab.org/
M31539,O-acetylhomoserine,Amino Acid,Glycine  Serine and Threonine Metabolism,3,0.01,,https://www.inouyelab.org/
M46618,X - 12442,,,5,0.01,,https://www.inouyelab.org/
M46497,X - 02269,,,4,0.01,,https://www.inouyelab.org/
M47348,X - 22102,,,13,0.01,,https://www.inouyelab.org/
M22116,4-methyl-2-oxopentanoate,Amino Acid,Leucine  Isoleucine and Valine Metabolism,7,0.01,0.01,https://www.inouyelab.org/
M34428,1-palmitoyl-GPA (16:0),Lipid,Lysolipid,9,0.01,0.02,https://www.inouyelab.org/
M33140,X - 11795,,,3,0.01,0.01,https://www.inouyelab.org/
M15704,pimelate (heptanedioate),Lipid,Fatty Acid  Dicarboxylate,1,0.01,0.0,https://www.inouyelab.org/
M46683,X - 16944,,,5,0.01,,https://www.inouyelab.org/
M37253,2-hydroxyglutarate,Lipid,Fatty Acid  Dicarboxylate,8,0.01,,https://www.inouyelab.org/
M47933,X - 12715,,,11,0.01,,https://www.inouyelab.org/
M48885,arabitol/xylitol,Carbohydrate,Pentose Metabolism,4,0.01,0.0,https://www.inouyelab.org/
M49679,X - 23780,,,10,0.01,0.02,https://www.inouyelab.org/
M47118,2-palmitoleoyl-GPC (16:1)*,Lipid,Lysolipid,3,0.01,0.01,https://www.inouyelab.org/
M36593,2-linoleoyl-GPE (18:2)*,Lipid,Lysolipid,16,0.01,,https://www.inouyelab.org/
M32445,3-methylxanthine,Xenobiotics,Xanthine Metabolism,5,0.01,0.01,https://www.inouyelab.org/
M00513,creatinine,Amino Acid,Creatine Metabolism,4,0.01,0.0,https://www.inouyelab.org/
M22036,2-hydroxyoctanoate,Lipid,Fatty Acid  Monohydroxy,19,0.01,0.01,https://www.inouyelab.org/
M52690,1-linoleoyl-GPA (18:2)*,Lipid,Lysolipid,9,0.01,0.01,https://www.inouyelab.org/
M45413,O-sulfo-L-tyrosine,Xenobiotics,Chemical,9,0.01,0.0,https://www.inouyelab.org/
M38116,indole-3-carboxylic acid,Amino Acid,Tryptophan Metabolism,3,0.01,0.0,https://www.inouyelab.org/
M52470,1-palmitoyl-2-palmitoleoyl-GPC (16:0/16:1)*,Lipid,Phospholipid Metabolism,5,0.01,0.0,https://www.inouyelab.org/
M33961,1-stearoyl-GPC (18:0),Lipid,Lysolipid,5,0.01,0.0,https://www.inouyelab.org/
M33364,gamma-glutamylthreonine*,Peptide,Gamma-glutamyl Amino Acid,5,0.01,0.0,https://www.inouyelab.org/
M52612,1-(1-enyl-stearoyl)-2-oleoyl-GPC (P-18:0/18:1),Lipid,Plasmalogen,4,0.01,,https://www.inouyelab.org/
M01284,threonine,Amino Acid,Glycine  Serine and Threonine Metabolism,6,0.01,0.01,https://www.inouyelab.org/
M15990,glycerophosphorylcholine (GPC),Lipid,Phospholipid Metabolism,5,0.01,0.0,https://www.inouyelab.org/
M37063,gamma-glutamylalanine,Peptide,Gamma-glutamyl Amino Acid,3,0.01,0.01,https://www.inouyelab.org/
M52435,sphingomyelin (d18:2/23:0  d18:1/23:1  d17:1/24:1)*,Lipid,Sphingolipid Metabolism,5,0.01,0.01,https://www.inouyelab.org/
M48047,X - 18886,,,9,0.01,0.01,https://www.inouyelab.org/
M40473,hydantoin-5-propionic acid,Amino Acid,Histidine Metabolism,3,0.01,0.0,https://www.inouyelab.org/
M46982,X - 11838,,,1,0.01,,https://www.inouyelab.org/
M40730,imidazole propionate,Amino Acid,Histidine Metabolism,12,0.01,0.01,https://www.inouyelab.org/
M41374,phenylalanylalanine,Peptide,Dipeptide,1,0.01,0.0,https://www.inouyelab.org/
M35114,7-methylguanine,Nucleotide,Purine Metabolism  Guanine containing,5,0.01,0.0,https://www.inouyelab.org/
M52682,1-(1-enyl-palmitoyl)-2-linoleoyl-GPC (P-16:0/18:2)*,Lipid,Plasmalogen,8,0.01,0.01,https://www.inouyelab.org/
M33173,2-hydroxyacetaminophen sulfate*,Xenobiotics,Drug,1,0.01,0.0,https://www.inouyelab.org/
M46594,X - 11372,,,15,0.01,,https://www.inouyelab.org/
M32397,3-hydroxy-2-ethylpropionate,Amino Acid,Leucine  Isoleucine and Valine Metabolism,6,0.01,0.01,https://www.inouyelab.org/
M48996,X - 23297,,,5,0.01,,https://www.inouyelab.org/
M43847,glycerol 3-phosphate,Lipid,Glycerolipid Metabolism,4,0.01,0.0,https://www.inouyelab.org/
M45951,1-linolenoyl-GPC (18:3)*,Lipid,Lysolipid,3,0.01,0.0,https://www.inouyelab.org/
M52053,X - 24024,,,4,0.01,,https://www.inouyelab.org/
M01572,glycerate,Carbohydrate,Glycolysis  Gluconeogenesis  and Pyruvate Metabolism,5,0.01,0.0,https://www.inouyelab.org/
M01591,N-acetylvaline,Amino Acid,Leucine  Isoleucine and Valine Metabolism,3,0.01,0.0,https://www.inouyelab.org/
M31787,3-carboxy-4-methyl-5-propyl-2-furanpropanoate (CMPF),Lipid,Fatty Acid  Dicarboxylate,6,0.01,0.01,https://www.inouyelab.org/
M44526,3-methyl-2-oxobutyrate,Amino Acid,Leucine  Isoleucine and Valine Metabolism,6,0.01,0.01,https://www.inouyelab.org/
M00054,tryptophan,Amino Acid,Tryptophan Metabolism,4,0.01,0.0,https://www.inouyelab.org/
M48492,behenoyl sphingomyelin (d18:1/22:0)*,Lipid,Sphingolipid Metabolism,4,0.01,0.01,https://www.inouyelab.org/
M46363,X - 21319,,,13,0.01,0.01,https://www.inouyelab.org/
M42582,pyruvate,Carbohydrate,Glycolysis  Gluconeogenesis  and Pyruvate Metabolism,6,0.01,,https://www.inouyelab.org/
M43374,indolin-2-one,Xenobiotics,Food Component/Plant,7,0.01,0.01,https://www.inouyelab.org/
M42382,S-adenosylhomocysteine (SAH),Amino Acid,Methionine  Cysteine  SAM and Taurine Metabolism,4,0.01,0.0,https://www.inouyelab.org/
M00554,adenine,Nucleotide,Purine Metabolism  Adenine containing,11,0.01,0.0,https://www.inouyelab.org/
M49461,X - 23585,,,5,0.01,,https://www.inouyelab.org/
M52282,2-methylcitrate/homocitrate,Energy,TCA Cycle,1,0.01,,https://www.inouyelab.org/
M01437,succinate,Energy,TCA Cycle,3,0.01,0.0,https://www.inouyelab.org/
M47959,X - 13553,,,2,0.01,0.0,https://www.inouyelab.org/
M52476,1-(1-enyl-stearoyl)-2-docosahexaenoyl-GPE (P-18:0/22:6)*,Lipid,Plasmalogen,2,0.01,,https://www.inouyelab.org/
M34399,3 7-dimethylurate,Xenobiotics,Xanthine Metabolism,4,0.01,0.0,https://www.inouyelab.org/
M43761,2-aminoheptanoate,Lipid,Fatty Acid  Amino,5,0.01,0.0,https://www.inouyelab.org/
M46705,X - 17438,,,5,0.01,0.0,https://www.inouyelab.org/
M45453,1-myristoyl-GPC (14:0),Lipid,Lysolipid,6,0.01,,https://www.inouyelab.org/
M20699,erythritol,Xenobiotics,Food Component/Plant,8,0.01,0.01,https://www.inouyelab.org/
M01299,tyrosine,Amino Acid,Phenylalanine and Tyrosine Metabolism,9,0.01,0.0,https://www.inouyelab.org/
M35157,N6-carbamoylthreonyladenosine,Nucleotide,Purine Metabolism  Adenine containing,4,0.01,0.0,https://www.inouyelab.org/
M52605,sphinganine-1-phosphate,Lipid,Sphingolipid Metabolism,3,0.01,0.01,https://www.inouyelab.org/
M36602,1-oleoyl-GPI (18:1)*,Lipid,Lysolipid,3,0.01,0.01,https://www.inouyelab.org/
M00055,beta-alanine,Nucleotide,Pyrimidine Metabolism  Uracil containing,5,0.01,0.01,https://www.inouyelab.org/
M43264,3-hydroxybutyrylcarnitine (1),Lipid,Fatty Acid Metabolism(Acyl Carnitine),3,0.01,0.01,https://www.inouyelab.org/
M47000,X - 17327,,,8,0.01,,https://www.inouyelab.org/
M27738,threonate,Cofactors and Vitamins,Ascorbate and Aldarate Metabolism,5,0.01,0.0,https://www.inouyelab.org/
M46628,X - 12472,,,16,0.01,,https://www.inouyelab.org/
M44675,docosahexaenoate (DHA; 22:6n3),Lipid,Polyunsaturated Fatty Acid (n3 and n6),7,0.01,0.01,https://www.inouyelab.org/
M52672,1-(1-enyl-palmitoyl)-2-docosahexaenoyl-GPE (P-16:0/22:6)*,Lipid,Plasmalogen,2,0.01,,https://www.inouyelab.org/
M48207,X - 22850,,,2,0.01,,https://www.inouyelab.org/
M32398,sebacate (decanedioate),Lipid,Fatty Acid  Dicarboxylate,9,0.01,0.01,https://www.inouyelab.org/
M32457,3-hydroxylaurate,Lipid,Fatty Acid  Monohydroxy,6,0.01,0.01,https://www.inouyelab.org/
M39609,16-hydroxypalmitate,Lipid,Fatty Acid  Monohydroxy,4,0.01,0.0,https://www.inouyelab.org/
M01508,pantothenate,Cofactors and Vitamins,Pantothenate and CoA Metabolism,9,0.01,0.01,https://www.inouyelab.org/
M46598,X - 11438,,,7,0.01,,https://www.inouyelab.org/
M35637,cysteinylglycine,Amino Acid,Glutathione Metabolism,2,0.01,0.01,https://www.inouyelab.org/
M52704,1-(1-enyl-stearoyl)-2-docosahexaenoyl-GPC (P-18:0/22:6)*,Lipid,Plasmalogen,2,0.01,,https://www.inouyelab.org/
M48841,p-cresol-glucuronide*,Amino Acid,Phenylalanine and Tyrosine Metabolism,7,0.01,0.01,https://www.inouyelab.org/
M20694,oxalate (ethanedioate),Cofactors and Vitamins,Ascorbate and Aldarate Metabolism,5,0.01,0.0,https://www.inouyelab.org/
M46704,X - 17269,,,1,0.01,,https://www.inouyelab.org/
M48989,X - 23291,,,1,0.01,,https://www.inouyelab.org/
M34419,1-linoleoyl-GPC (18:2),Lipid,Lysolipid,2,0.01,0.0,https://www.inouyelab.org/
M34404,1 3 7-trimethylurate,Xenobiotics,Xanthine Metabolism,8,0.01,0.01,https://www.inouyelab.org/
M48782,C-glycosyltryptophan,Amino Acid,Tryptophan Metabolism,12,0.01,0.0,https://www.inouyelab.org/
M46962,X - 12701,,,6,0.01,0.01,https://www.inouyelab.org/
M02734,gamma-glutamyltyrosine,Peptide,Gamma-glutamyl Amino Acid,11,0.01,0.0,https://www.inouyelab.org/
M44560,1-eicosenoyl-GPC (20:1)*,Lipid,Lysolipid,2,0.01,,https://www.inouyelab.org/
M47787,X - 14838,,,2,0.01,,https://www.inouyelab.org/
M36095,thymol sulfate,Xenobiotics,Food Component/Plant,8,0.01,0.01,https://www.inouyelab.org/
M39831,eicosanodioate,Lipid,Fatty Acid  Dicarboxylate,6,0.01,0.01,https://www.inouyelab.org/
M46364,X - 12847,,,6,0.01,0.0,https://www.inouyelab.org/
M33009,homostachydrine*,Xenobiotics,Food Component/Plant,12,0.01,0.01,https://www.inouyelab.org/
M15958,phenylacetate,Amino Acid,Phenylalanine and Tyrosine Metabolism,3,0.01,,https://www.inouyelab.org/
M46590,X - 07765,,,1,0.01,0.0,https://www.inouyelab.org/
M35257,2-linoleoyl-GPC (18:2)*,Lipid,Lysolipid,2,0.01,,https://www.inouyelab.org/
M01645,laurate (12:0),Lipid,Medium Chain Fatty Acid,2,0.01,0.0,https://www.inouyelab.org/
M52483,X - 24295,,,2,0.01,,https://www.inouyelab.org/
M48394,pregnanolone/allopregnanolone sulfate,Lipid,Steroid,1,0.01,0.0,https://www.inouyelab.org/
M18245,gamma-glutamylhistidine,Peptide,Gamma-glutamyl Amino Acid,1,0.01,0.0,https://www.inouyelab.org/
M48022,X - 17677,,,7,0.01,,https://www.inouyelab.org/
M00566,phenylpyruvate,Amino Acid,Phenylalanine and Tyrosine Metabolism,2,0.01,0.01,https://www.inouyelab.org/
M46403,X - 21358,,,6,0.01,,https://www.inouyelab.org/
M33939,N-acetylthreonine,Amino Acid,Glycine  Serine and Threonine Metabolism,2,0.01,0.0,https://www.inouyelab.org/
M20693,tartronate (hydroxymalonate),Xenobiotics,Bacterial/Fungal,4,0.01,0.0,https://www.inouyelab.org/
M48050,X - 18938,,,7,0.01,,https://www.inouyelab.org/
M48445,2-methoxyresorcinol sulfate,Xenobiotics,Chemical,1,0.01,0.0,https://www.inouyelab.org/
M48997,isoeugenol sulfate,Xenobiotics,Food Component/Plant,1,0.01,0.0,https://www.inouyelab.org/
M22001,3-hydroxyoctanoate,Lipid,Fatty Acid  Monohydroxy,3,0.01,0.0,https://www.inouyelab.org/
M47909,X - 12170,,,17,0.01,,https://www.inouyelab.org/
M01643,fumarate,Energy,TCA Cycle,11,0.01,0.01,https://www.inouyelab.org/
M40008,isoleucylglycine,Peptide,Dipeptide,1,0.01,0.0,https://www.inouyelab.org/
M52872,X - 24551,,,1,0.01,,https://www.inouyelab.org/
M01563,chenodeoxycholate,Lipid,Primary Bile Acid Metabolism,2,0.01,0.0,https://www.inouyelab.org/
M32388,dodecanedioate,Lipid,Fatty Acid  Dicarboxylate,12,0.01,0.01,https://www.inouyelab.org/
M48698,6-hydroxyindole sulfate,Xenobiotics,Chemical,2,0.01,0.0,https://www.inouyelab.org/
M52773,X - 24456,,,1,0.01,0.0,https://www.inouyelab.org/
M46607,X - 11849,,,2,0.01,0.01,https://www.inouyelab.org/
M00064,phenylalanine,Amino Acid,Phenylalanine and Tyrosine Metabolism,3,0.01,0.0,https://www.inouyelab.org/
M46960,sulfate*,Xenobiotics,Chemical,4,0.01,0.01,https://www.inouyelab.org/
M15506,choline,Lipid,Phospholipid Metabolism,11,0.01,0.0,https://www.inouyelab.org/
M33442,pseudouridine,Nucleotide,Pyrimidine Metabolism  Uracil containing,4,0.01,0.0,https://www.inouyelab.org/
M45456,1-arachidoyl-GPC (20:0),Lipid,Lysolipid,3,0.01,,https://www.inouyelab.org/
M52278,X - 24240,,,2,0.01,,https://www.inouyelab.org/
M47011,X - 21834,,,6,0.01,0.0,https://www.inouyelab.org/
M36776,7-alpha-hydroxy-3-oxo-4-cholestenoate (7-Hoca),Lipid,Sterol,1,0.01,0.0,https://www.inouyelab.org/
M52438,1-stearoyl-2-oleoyl-GPC (18:0/18:1),Lipid,Phospholipid Metabolism,3,0.01,0.01,https://www.inouyelab.org/
M35253,2-palmitoyl-GPC (16:0)*,Lipid,Lysolipid,8,0.01,0.0,https://www.inouyelab.org/
M47997,X - 17346,,,1,0.01,,https://www.inouyelab.org/
M19132,1 2-distearoyl-GPC (18:0/18:0),Lipid,Phospholipid Metabolism,4,0.01,,https://www.inouyelab.org/
M49681,X - 23782,,,9,0.01,0.0,https://www.inouyelab.org/
M46610,X - 12007,,,2,0.01,0.0,https://www.inouyelab.org/
M37181,4-allylphenol sulfate,Xenobiotics,Food Component/Plant,4,0.01,0.01,https://www.inouyelab.org/
M33934,gamma-glutamyl-epsilon-lysine,Peptide,Gamma-glutamyl Amino Acid,2,0.01,0.0,https://www.inouyelab.org/
M15749,3-phenylpropionate (hydrocinnamate),Amino Acid,Phenylalanine and Tyrosine Metabolism,2,0.01,0.0,https://www.inouyelab.org/
M46371,X - 21327,,,1,0.01,0.0,https://www.inouyelab.org/
M46473,X - 15497,,,4,0.01,,https://www.inouyelab.org/
M01432,2-hydroxyphenylacetate,Amino Acid,Phenylalanine and Tyrosine Metabolism,2,0.01,0.01,https://www.inouyelab.org/
M48076,X - 22771,,,1,0.01,0.0,https://www.inouyelab.org/
M46695,X - 18913,,,1,0.01,0.01,https://www.inouyelab.org/
M46111,O-methylcatechol sulfate,Xenobiotics,Benzoate Metabolism,1,0.01,0.0,https://www.inouyelab.org/
M46898,X - 21729,,,1,0.01,,https://www.inouyelab.org/
M32458,oleamide,Lipid,Fatty Acid  Amide,7,0.01,0.0,https://www.inouyelab.org/
M34093,hyocholate,Lipid,Secondary Bile Acid Metabolism,1,0.01,0.0,https://www.inouyelab.org/
M52766,X - 24449,,,2,0.01,,https://www.inouyelab.org/
M48081,X - 22776,,,1,0.01,0.0,https://www.inouyelab.org/
M27719,galactonate,Carbohydrate,Fructose  Mannose and Galactose Metabolism,5,0.01,0.0,https://www.inouyelab.org/
M37092,gamma-glutamyl-2-aminobutyrate,Peptide,Gamma-glutamyl Amino Acid,4,0.01,,https://www.inouyelab.org/
M32489,caproate (6:0),Lipid,Medium Chain Fatty Acid,2,0.01,0.0,https://www.inouyelab.org/
M01107,allantoin,Nucleotide,Purine Metabolism  (Hypo)Xanthine/Inosine containing,7,0.01,0.01,https://www.inouyelab.org/
M46409,X - 21364,,,4,0.01,0.01,https://www.inouyelab.org/
M46592,X - 11299,,,5,0.01,0.0,https://www.inouyelab.org/
M46649,X - 14568,,,1,0.01,,https://www.inouyelab.org/
M00060,leucine,Amino Acid,Leucine  Isoleucine and Valine Metabolism,2,0.01,0.0,https://www.inouyelab.org/
M35628,1-oleoyl-GPE (18:1),Lipid,Lysolipid,1,0.01,0.0,https://www.inouyelab.org/
M37431,N-methylproline,Amino Acid,Urea cycle; Arginine and Proline Metabolism,2,0.01,0.0,https://www.inouyelab.org/
M49521,X - 23644,,,3,0.01,0.01,https://www.inouyelab.org/
M52461,1-palmitoyl-2-oleoyl-GPC (16:0/18:1),Lipid,Phospholipid Metabolism,2,0.01,0.0,https://www.inouyelab.org/
M18392,theobromine,Xenobiotics,Xanthine Metabolism,3,0.01,0.01,https://www.inouyelab.org/
M47716,X - 12686,,,1,0.01,,https://www.inouyelab.org/
M46991,X - 12814,,,4,0.01,,https://www.inouyelab.org/
M42489,2-hydroxydecanoate,Lipid,Fatty Acid  Monohydroxy,1,0.01,0.01,https://www.inouyelab.org/
M43424,dimethyl sulfone,Xenobiotics,Chemical,1,0.01,0.0,https://www.inouyelab.org/
M34534,laurylcarnitine,Lipid,Fatty Acid Metabolism(Acyl Carnitine),4,0.01,0.0,https://www.inouyelab.org/
M01649,valine,Amino Acid,Leucine  Isoleucine and Valine Metabolism,1,0.01,0.0,https://www.inouyelab.org/
M47901,X - 11485,,,1,0.01,,https://www.inouyelab.org/
M47800,X - 15666,,,1,0.01,0.0,https://www.inouyelab.org/
M47971,X - 13729,,,1,0.01,0.0,https://www.inouyelab.org/
M53127,X - 24699,,,2,0.01,,https://www.inouyelab.org/
M37455,glycerophosphoethanolamine,Lipid,Phospholipid Metabolism,1,0.01,0.0,https://www.inouyelab.org/
M46689,X - 17145,,,2,0.01,,https://www.inouyelab.org/
M46666,X - 15728,,,1,0.01,0.0,https://www.inouyelab.org/
M33935,piperine,Xenobiotics,Food Component/Plant,1,0.01,0.0,https://www.inouyelab.org/
M47804,X - 16580,,,3,0.01,0.0,https://www.inouyelab.org/
M46632,X - 14056,,,1,0.01,0.0,https://www.inouyelab.org/
M52126,X - 24097,,,2,0.01,,https://www.inouyelab.org/
M27447,1-linoleoylglycerol (18:2),Lipid,Monoacylglycerol,1,0.01,0.0,https://www.inouyelab.org/
M46142,mannitol/sorbitol,Carbohydrate,Fructose  Mannose and Galactose Metabolism,1,0.01,0.0,https://www.inouyelab.org/
M31555,pyridoxate,Cofactors and Vitamins,Vitamin B6 Metabolism,1,0.01,0.0,https://www.inouyelab.org/
M48407,dopamine sulfate (2),Amino Acid,Phenylalanine and Tyrosine Metabolism,2,0.01,0.0,https://www.inouyelab.org/
M48715,eugenol sulfate,Xenobiotics,Food Component/Plant,1,0.01,0.0,https://www.inouyelab.org/
M48428,pyrraline,Xenobiotics,Food Component/Plant,1,0.0,0.0,https://www.inouyelab.org/
M36738,gamma-glutamylglutamate,Peptide,Gamma-glutamyl Amino Acid,1,0.0,0.0,https://www.inouyelab.org/
M47993,X - 17010,,,1,0.0,0.0,https://www.inouyelab.org/
M18254,paraxanthine,Xenobiotics,Xanthine Metabolism,1,0.0,0.0,https://www.inouyelab.org/
M49617,1-lignoceroyl-GPC (24:0),Lipid,Lysolipid,2,0.0,0.01,https://www.inouyelab.org/
M39270,1-(1-enyl-palmitoyl)-GPE (P-16:0)*,Lipid,Lysoplasmalogen,1,0.0,0.0,https://www.inouyelab.org/
M49515,X - 23639,,,1,0.0,0.01,https://www.inouyelab.org/
M46621,X - 12524,,,1,0.0,,https://www.inouyelab.org/
M38399,9 10-DiHOME,Lipid,Fatty Acid  Dihydroxy,1,0.0,0.0,https://www.inouyelab.org/
M40469,N1-Methyl-2-pyridone-5-carboxamide,Cofactors and Vitamins,Nicotinate and Nicotinamide Metabolism,1,0.0,0.0,https://www.inouyelab.org/
M01101,homovanillate (HVA),Amino Acid,Phenylalanine and Tyrosine Metabolism,1,0.0,0.0,https://www.inouyelab.org/
M46612,X - 12206,,,2,0.0,,https://www.inouyelab.org/
M32401,trigonelline (N'-methylnicotinate),Cofactors and Vitamins,Nicotinate and Nicotinamide Metabolism,1,0.0,0.0,https://www.inouyelab.org/
M04968,alpha-ketobutyrate,Amino Acid,Methionine  Cysteine  SAM and Taurine Metabolism,1,0.0,0.0,https://www.inouyelab.org/
M36103,p-cresol sulfate,Amino Acid,Phenylalanine and Tyrosine Metabolism,1,0.0,0.0,https://www.inouyelab.org/
M21184,1-oleoylglycerol (18:1),Lipid,Monoacylglycerol,1,0.0,0.0,https://www.inouyelab.org/
M01642,caprate (10:0),Lipid,Medium Chain Fatty Acid,1,0.0,0.0,https://www.inouyelab.org/
M46646,X - 13835,,,1,0.0,,https://www.inouyelab.org/
M36099,4-ethylphenylsulfate,Xenobiotics,Benzoate Metabolism,1,0.0,0.0,https://www.inouyelab.org/
M52304,cis-aconitate,Energy,TCA Cycle,1,0.0,,https://www.inouyelab.org/
M47225,X - 14314,,,1,0.0,,https://www.inouyelab.org/
M21025,iminodiacetate (IDA),Xenobiotics,Chemical,1,0.0,0.0,https://www.inouyelab.org/
M38667,3-methylglutaconate,Amino Acid,Leucine  Isoleucine and Valine Metabolism,1,0.0,,https://www.inouyelab.org/
M52703,1-stearyl-GPC (O-18:0)*,Lipid,Lyso-phospho-ether,2,0.0,,https://www.inouyelab.org/
M43802,guanidinoacetate,Amino Acid,Creatine Metabolism,1,0.0,0.0,https://www.inouyelab.org/
M32394,pyroglutamylvaline,Peptide,Dipeptide,1,0.0,,https://www.inouyelab.org/
M46727,X - 21658,,,1,0.0,,https://www.inouyelab.org/
M42459,sphingomyelin (d18:2/16:0  d18:1/16:1)*,Lipid,Sphingolipid Metabolism,1,0.0,0.0,https://www.inouyelab.org/
M52025,X - 23997,,,1,0.0,0.0,https://www.inouyelab.org/
M46358,X - 12212,,,1,0.0,,https://www.inouyelab.org/
M33447,palmitoleate (16:1n7),Lipid,Long Chain Fatty Acid,1,0.0,0.0,https://www.inouyelab.org/
M35428,tiglylcarnitine,Amino Acid,Leucine  Isoleucine and Valine Metabolism,1,0.0,0.0,https://www.inouyelab.org/
M48258,1-oleoyl-GPC (18:1),Lipid,Lysolipid,1,0.0,0.0,https://www.inouyelab.org/
M00542,3-hydroxybutyrate (BHBA),Lipid,Ketone Bodies,1,0.0,0.0,https://www.inouyelab.org/
M18394,theophylline,Xenobiotics,Xanthine Metabolism,1,0.0,0.0,https://www.inouyelab.org/
M01552,erucate (22:1n9),Lipid,Long Chain Fatty Acid,1,0.0,0.0,https://www.inouyelab.org/
M46740,X - 21666,,,1,0.0,,https://www.inouyelab.org/
M01769,cortisone,Lipid,Steroid,1,0.0,0.0,https://www.inouyelab.org/
M47087,1-nonadecanoyl-GPC (19:0),Lipid,Lysolipid,1,0.0,,https://www.inouyelab.org/
M17769,sphinganine,Lipid,Sphingolipid Metabolism,1,0.0,0.0,https://www.inouyelab.org/
M19324,1-stearoyl-GPI (18:0),Lipid,Lysolipid,1,0.0,0.0,https://www.inouyelab.org/
M33972,10-nonadecenoate (19:1n9),Lipid,Long Chain Fatty Acid,1,0.0,0.0,https://www.inouyelab.org/
M44872,gamma-glutamylmethionine,Peptide,Gamma-glutamyl Amino Acid,1,0.0,0.0,https://www.inouyelab.org/
M52473,gamma-tocopherol/beta-tocopherol,Cofactors and Vitamins,Tocopherol Metabolism,1,0.0,0.0,https://www.inouyelab.org/
M18497,taurocholate,Lipid,Primary Bile Acid Metabolism,1,0.0,0.0,https://www.inouyelab.org/
M52437,sphingomyelin (d18:2/24:1  d18:1/24:2)*,Lipid,Sphingolipid Metabolism,1,0.0,0.0,https://www.inouyelab.org/
M18281,2-hydroxyhippurate (salicylurate),Xenobiotics,Benzoate Metabolism,1,0.0,0.0,https://www.inouyelab.org/
M42095,palmitic amide,Lipid,Fatty Acid  Amide,1,0.0,,https://www.inouyelab.org/
M18476,glycocholate,Lipid,Primary Bile Acid Metabolism,1,0.0,0.0,https://www.inouyelab.org/
M52614,1-(1-enyl-stearoyl)-2-oleoyl-GPE (P-18:0/18:1),Lipid,Plasmalogen,1,0.0,0.0,https://www.inouyelab.org/
M52502,X - 24307,,,1,0.0,0.0,https://www.inouyelab.org/
M36098,4-vinylphenol sulfate,Xenobiotics,Benzoate Metabolism,2,0.0,0.0,https://www.inouyelab.org/
M22185,N-acetylaspartate (NAA),Amino Acid,Alanine and Aspartate Metabolism,1,0.0,0.0,https://www.inouyelab.org/
M52477,1-(1-enyl-palmitoyl)-2-oleoyl-GPE (P-16:0/18:1)*,Lipid,Plasmalogen,1,0.0,0.0,https://www.inouyelab.org/
M47154,sphingomyelin (d18:2/14:0  d18:1/14:1)*,Lipid,Sphingolipid Metabolism,1,0.0,0.0,https://www.inouyelab.org/
M00569,caffeine,Xenobiotics,Xanthine Metabolism,1,0.0,0.0,https://www.inouyelab.org/
M22176,cysteine s-sulfate,Amino Acid,Methionine  Cysteine  SAM and Taurine Metabolism,1,0.0,0.0,https://www.inouyelab.org/
M01644,heptanoate (7:0),Lipid,Medium Chain Fatty Acid,1,0.0,,https://www.inouyelab.org/
